id,[34mnome,sobrenome,idade,cidade,codigoPostal,situacaoEmprego,vencimento,nif,niss,nus,situacao,numeroCartao,email,filhos,telemovel[0m
1,Stevan Rav√≠,Nunes,52,Aljustrel,7600-001,Reformado,Entre 1.500‚Ç¨ e 1.999‚Ç¨,376471222,19992975748,442271000,Freelancer,24658746*9*ZU3,PY7b99Z3AQTp2@hotmail.com,1,918061766
2,Durval,Braga Cam√µes,77,Paredes,4580-001,Reformado,Entre 4.000‚Ç¨ e 4.999‚Ç¨,363361217,12758430386,364375973,Trabalho n√£o remunerado em casa,29679815*0*WX0,28B001G42vGES3@gmail.com,6,920534593
3,Yehoshua,Rijo,63,Barreiro,2830-003,Desempregado,Mais de 5.000‚Ç¨,231700166,01659876162,346102898,Desempregado,12282627*3*GU4,Ln390Na1ZG9@icloud.com,4,913405143
4,Tabita,Can√ßado Bezerra,79,Vila Real,5000-002,Aposentado com atividade adicional,Entre 4.000‚Ç¨ e 4.999‚Ç¨,129573464,14167762382,208941770,Incapacidade permanente,22015063*7*VF4,u935X17q8@outlook.com,9,910941602
5,Raphaella,Tuna,49,Porto,4000-003,Emprego tempor√°rio,Entre 1.500‚Ç¨ e 1.999‚Ç¨,367997467,16319445679,568363590,Aut√≥nomo,34011896*8*SS4,J5A9eYgw78M@yahoo.com,0,934008481
6,Fredyson,Lopes,12,Tavira,8800-002,Estudante,Menos de 500‚Ç¨,392214726,15382702789,198559852,Estudante,28660752*3*IF1,Q8131i3C@mail.com,0,919931703
7,Maike,Teles,89,Alij√≥,5070-003,Incapacidade permanente,Entre 500‚Ç¨ e 999‚Ç¨,325450966,10795980839,141422998,Incapacidade permanente,15481269*5*KX8,5927311K8489@hotmail.com,10,925786389
8,L√©opoldine Ramatoullaye,Andrade Serpa,56,Vila Franca de Xira,2600-003,Emprego tempor√°rio,Entre 1.000‚Ç¨ e 1.499‚Ç¨,379783197,16280316315,414077091,Trabalho n√£o remunerado em casa,29927144*8*XF6,06F86CJn90h@zoho.com,7,963174581
9,Maison,Os√≥rio Varej√£o,26,Moita,2860-003,Empregado a tempo inteiro,Entre 1.500‚Ç¨ e 1.999‚Ç¨,296869883,10045579340,685058085,Empregado a tempo inteiro,37152451*3*LM6,5P9092L8xdj3@gmail.com,10,930665263
10,Aloysius Davidson,Serralheiro Ant√¥nio,43,Sesimbra,2970-003,Licen√ßa de maternidade/paternidade,Entre 4.000‚Ç¨ e 4.999‚Ç¨,234320682,10579984343,756799716,Desempregado,24430990*1*XO3,6lJlQ226o3vd4@gmail.com,0,916974268
11,Diza Oliwia,Redondo,25,Armamar,5110-002,Emprego tempor√°rio,Menos de 500‚Ç¨,133123555,01275525209,516084364,Trabalho n√£o remunerado em casa,27041424*7*KI3,gOrpTg7u@outlook.com,6,961738716
12,F√°bio,Tuna,13,Barrancos,7230-001,Estudante,Menos de 500‚Ç¨,199788796,15389785118,313303495,Estudante,33207846*4*EM9,349bAhT55j5G4@hotmail.com,0,968861923
13,Mayra Thailize,Maldonado,58,Oeiras,2780-003,Empregado a tempo inteiro,Menos de 500‚Ç¨,171229869,16537429167,308747780,Freelancer,39579290*4*DG3,096l1t38l@mail.com,12,961306498
14,Willyane,Sesimbra Dornellas,49,Almod√¥var,7700-003,Estudante,Entre 2.000‚Ç¨ e 2.999‚Ç¨,254401089,12704700835,876619260,Estudante,30748005*2*PQ8,o0R9yh@zoho.com,6,939276892
15,Habacuque,Miguel Angelo,24,Vila Real,5000-002,Emprego tempor√°rio,Entre 2.000‚Ç¨ e 2.999‚Ç¨,325334371,13844266772,312611641,Desempregado,19900825*1*GJ0,08KItb6LZ00t5M@mail.com,5,916078638
16,Mame Morgana,Marinho Rozeira,46,Oliveira de Azem√©is,3720-003,Trabalho n√£o remunerado em casa,Menos de 500‚Ç¨,107677896,14704178794,749226161,Estudante,25717288*9*MB3,76984eNRG@mail.com,11,965055299
17,Euclides Anderson,Valeixo Assump√ß√£o,18,Tondela,3460-003,Estagi√°rio,Mais de 5.000‚Ç¨,327695076,14808125889,411020129,Estudante,32126955*0*WE7,2X0f77R415U4@gmail.com,0,925051866
18,T√©o Rio,Fl√¥res Teles,100,Castro Marim,8950-003,Trabalho n√£o remunerado em casa,Entre 3.000‚Ç¨ e 3.999‚Ç¨,382106069,15668842624,773959920,Aut√≥nomo,29845141*4*IY4,5Y8358170@zoho.com,3,926936399
19,Kendro Prian,Angelo Flora,69,Torres Vedras,2560-002,Incapacidade permanente,Entre 500‚Ç¨ e 999‚Ç¨,398933973,17923193358,895111225,Volunt√°rio,22917689*8*FT7,48L2O09Mw@aol.com,9,920499037
20,Ainoa Eleonora,Reino,63,Avis,7480-003,Desempregado,Entre 1.000‚Ç¨ e 1.499‚Ç¨,338339786,16669281920,531404110,Volunt√°rio,15316289*7*GF4,7iTfRleJ4@outlook.com,0,918973604
21,Allina Lorrany,Cassimiro Jardim,68,Alvai√°zere,3250-003,Volunt√°rio,Entre 4.000‚Ç¨ e 4.999‚Ç¨,171618555,16831191876,337749370,Reformado,27850329*9*AB9,Sm178mRxD6iPS6@yahoo.com,12,929840128
22,Alberto,Marinho,43,Celorico de Basto,4890-003,Empregado a tempo inteiro,Entre 2.000‚Ç¨ e 2.999‚Ç¨,265357632,10611955141,374637563,Estudante,31521153*1*OX9,mWN64@outlook.com,9,931879989
23,Mehr Tejasvi,Vasconcelos Fran√ßa,51,Lagos,8600-001,Volunt√°rio,Mais de 5.000‚Ç¨,225963959,14450893387,737722533,Empregado a tempo inteiro,11772349*8*YJ1,9M83Zl5C5@gmx.com,0,928167481
24,Anis,Neves,43,Alij√≥,5070-001,Estudante,Entre 2.000‚Ç¨ e 2.999‚Ç¨,110977907,19115882175,137297084,Empregado a tempo parcial,10248918*3*AW2,Y56EC7hTBOQ5Yc@icloud.com,8,921016376
25,Rubi Paolla,Valido,50,Tondela,3460-002,Freelancer,Entre 3.000‚Ç¨ e 3.999‚Ç¨,299242873,12682484475,633114634,Volunt√°rio,29604544*8*AH3,XMS7cVh1o@yahoo.com,8,937424781
26,Helo√≠sa,Brites Fran√ßa,99,Bragan√ßa,5300-002,Freelancer,Mais de 5.000‚Ç¨,261850368,12795439937,113415265,Trabalho n√£o remunerado em casa,36192924*7*FN4,J3t5T@outlook.com,3,933822847
27,Miroslav,Morais,29,Castelo de Paiva,4550-003,Trabalhador sazonal,Entre 1.000‚Ç¨ e 1.499‚Ç¨,373214346,14290579282,517426293,Emprego tempor√°rio,18689302*4*BK3,9q67S321O31E9@zoho.com,6,969400184
28,Akshit Heer,Bittencourt Castello Branco,98,Oliveira do Bairro,3770-002,Estudante,Menos de 500‚Ç¨,196912565,12542670518,217456154,Incapacidade permanente,32211620*5*MI6,jn5jQs02mt1K@icloud.com,4,926441707
29,Konstantin Armandino,Oz√≥rio Bastos,34,Porto,4000-003,Desempregado,Entre 500‚Ç¨ e 999‚Ç¨,208208592,15980847717,860393682,Emprego tempor√°rio,37957847*4*TH9,M1c0jZyr5n7F0@aol.com,11,934438678
30,Mike,Baptista,42,Vendas Novas,7080-002,Estudante,Entre 2.000‚Ç¨ e 2.999‚Ç¨,175895835,13503986983,466972393,Licen√ßa de maternidade/paternidade,14364893*1*KD8,uDnY23@mail.com,9,923603010
31,Shahan Welder,Abrigo Sabrosa,8,Carrazeda de Ansi√£es,5140-003,Estudante,Menos de 500‚Ç¨,303307609,17549034954,516394134,Estudante,31728739*5*MS8,961fiD298@hotmail.com,0,918296840
32,Wolf Muhamad,Abrantes Penido,2,Faro,8000-003,Estudante,Menos de 500‚Ç¨,107183774,01367037332,490464343,Estudante,20169272*7*KB7,3Nx3T13v6f@outlook.com,0,923831244
33,Harsh Caio,Rosmaninho,38,Caldas da Rainha,2500-003,Volunt√°rio,Entre 4.000‚Ç¨ e 4.999‚Ç¨,288774516,10248099127,239888812,Licen√ßa de maternidade/paternidade,22242044*2*HI4,ni9Lh7@gmx.com,5,921343953
34,Rian,Xisto Quadros,7,Alvito,7920-001,Estudante,Menos de 500‚Ç¨,261972712,13800564326,180227742,Estudante,33318239*3*CQ8,yw0012S9KWy3jp@aol.com,0,921196816
35,Bruno Wilon,Meira,68,Alvito,7920-003,Volunt√°rio,Entre 1.000‚Ç¨ e 1.499‚Ç¨,167827888,16661774350,289035570,Trabalho n√£o remunerado em casa,13467072*1*HM0,2r2zd50@hotmail.com,4,965761646
36,Dj√©idan Karamjot,Redondo,28,Odivelas,2675-001,Emprego tempor√°rio,Entre 3.000‚Ç¨ e 3.999‚Ç¨,187691461,01706428061,733511970,Volunt√°rio,21094598*4*QF5,Faxtz614@mail.com,2,939332017
37,Zaid,Afonso,14,Torres Vedras,2560-001,Estudante,Menos de 500‚Ç¨,229610215,19072379167,564770701,Estudante,30981729*9*OH1,Vo2h1@yahoo.com,0,934113230
38,Elina,L√¥bo Sodr√©,22,Pa√ßos de Ferreira,4590-002,Empregado a tempo parcial,Entre 4.000‚Ç¨ e 4.999‚Ç¨,355192784,16407126319,176763163,Empregado a tempo parcial,17559021*0*DQ5,5YaG0ix712I3Y6@gmail.com,1,935527549
39,Wochay,Oliveira Rodrigues,72,Pa√ßos de Ferreira,4590-002,Incapacidade permanente,Entre 3.000‚Ç¨ e 3.999‚Ç¨,325119591,13317201659,759689377,Freelancer,12703729*7*RY2,YWFJHox@zoho.com,2,965936634
40,Elyan Rynaldo,Valadim Valtelhas,89,Vila Nova de Gaia,4400-001,Trabalho n√£o remunerado em casa,Mais de 5.000‚Ç¨,157030385,10108816360,238844919,Aposentado com atividade adicional,17615704*0*NM8,08XJz0vx@aol.com,9,927343530
41,Sina√≠ Azizjon,Sabala Varanda,87,Matosinhos,4450-003,Freelancer,Entre 1.000‚Ç¨ e 1.499‚Ç¨,389829783,13327696384,230926436,Aut√≥nomo,35125479*6*ZU1,kD2T368@outlook.com,3,923729764
42,Rodrigo Hugo,Proc√≥pio Garcia,84,Alvai√°zere,3250-001,Volunt√°rio,Entre 4.000‚Ç¨ e 4.999‚Ç¨,286074061,17959023334,270747923,Aposentado com atividade adicional,36933980*3*PP9,8mvv52C871W@gmx.com,3,935505460
43,Abhinaya Thiara,Tore√£o Nobre,50,Proen√ßa-a-Nova,6150-001,Estudante,Entre 4.000‚Ç¨ e 4.999‚Ç¨,359379837,11427872992,234412739,Freelancer,13683779*8*ZW6,5A9fSGY57@aol.com,9,910691170
44,Borrico Samir,Viana,3,Mirandela,5370-002,Estudante,Menos de 500‚Ç¨,277189069,14803249796,290179777,Estudante,13280507*9*NN4,41871y0E@zoho.com,0,911828743
45,Amadea,Santos,15,Arouca,4540-003,Estudante,Menos de 500‚Ç¨,371733447,16090272415,599206012,Estudante,12041870*6*EN6,Xyjuhr70T@aol.com,0,927287785
46,Rudson,Albuquerque,2,Sesimbra,2970-002,Estudante,Menos de 500‚Ç¨,389869205,16559549814,797358790,Estudante,27542487*2*TB3,6a5ci93Q1664@yahoo.com,0,936997434
47,Kellyson,Beltr√£o,95,Entroncamento,2330-003,Aposentado com atividade adicional,Entre 1.500‚Ç¨ e 1.999‚Ç¨,181519776,16854734143,938475118,Trabalho n√£o remunerado em casa,29316612*4*BF7,2f42cM2Y@mail.com,2,911351884
48,Arnaldo Stephanus,Rio,5,Sesimbra,2970-002,Estudante,Menos de 500‚Ç¨,169227034,10249184527,850694418,Estudante,39368119*5*CG1,ml3i0Na@yahoo.com,0,967222306
49,Heyden,Ven√¢ncio Vilaverde,77,Redondo,7170-002,Aut√≥nomo,Entre 1.500‚Ç¨ e 1.999‚Ç¨,238074769,15025588014,122499670,Freelancer,23526487*8*EN5,g4wmv@hotmail.com,0,915901700
50,Aishleen Alejandra,Dolabella Falc√£o,59,C√¢mara de Lobos,9300-002,Empregado a tempo parcial,Mais de 5.000‚Ç¨,168172193,18024548988,744450802,Reformado,13537514*1*VV9,c45c0s@protonmail.com,10,934035173